﻿{
  "Routes": [
    {
      "DownstreamPathTemplate": "/api/auth/{everything}",
      "DownstreamScheme": "https",
      "DownstreamHostAndPorts": [
        {
          "Host": "auth-api-dev-gjbcdtb0bxffckha.brazilsouth-01.azurewebsites.net",
          "Port": 443
        }
      ],
      "UpstreamPathTemplate": "/auth/{everything}",
      "UpstreamHttpMethod": [ "POST", "GET", "PUT", "DELETE" ],
      "AddHeadersToRequest": {
        "Authorization": "{Headers.Authorization}"
      },
      "SwaggerKey": "auth"
    },
    {
      "DownstreamPathTemplate": "/api/user/{everything}",
      "DownstreamScheme": "https",
      "DownstreamHostAndPorts": [
        {
          "Host": "auth-api-dev-gjbcdtb0bxffckha.brazilsouth-01.azurewebsites.net",
          "Port": 443
        }
      ],
      "UpstreamPathTemplate": "/user/{everything}",
      "UpstreamHttpMethod": [ "POST", "GET", "PUT", "DELETE" ],
      "AddHeadersToRequest": {
        "Authorization": "{Headers.Authorization}"
      },
      "SwaggerKey": "auth",
      "AuthenticationOptions": {
        "AuthenticationProviderKey": "Bearer",
        "AllowedScopes": []
      }
    }
  ],
  "SwaggerEndPoints": [
    {
      "Key": "auth",
      "Config": [
        {
          "Name": "AuthService API",
          "Version": "v1",
          "Url": "https://auth-api-dev-gjbcdtb0bxffckha.brazilsouth-01.azurewebsites.net/swagger/v1/swagger.json"
        }
      ]
    }    
  ],
  "GlobalConfiguration": {
    "BaseUrl": "https://gateway-api-dev-hjasdzc6dggka6ah.brazilsouth-01.azurewebsites.net"
  }
}

